{
  "project_info": {
    "project_number": "525623101083",
    "firebase_url": "https://project-6132214408793807067.firebaseio.com",
    "project_id": "project-6132214408793807067",
    "storage_bucket": "project-6132214408793807067.appspot.com"
  },
  "client": [
    {
      "client_info": {
        "mobilesdk_app_id": "1:525623101083:android:6c4d02463fc768c0c3283e",
        "android_client_info": {
          "package_name": "com.darkness.eventmanager"
        }
      },
      "oauth_client": [
        {
          "client_id": "525623101083-vbejm6g111vacpshnnrdc23vs8r92uin.apps.googleusercontent.com",
          "client_type": 1,
          "android_info": {
            "package_name": "com.darkness.eventmanager",
            "certificate_hash": "3b1658d89c63bccb30ca6d27498af6a96f8ca5b0"
          }
        },
        {
          "client_id": "525623101083-7a120si5hnjo694gd624rgnd1jopm2a9.apps.googleusercontent.com",
          "client_type": 3
        }
      ],
      "api_key": [
        {
          "current_key": "AIzaSyBR54FgB7A5jMD80_SHW1njkr1sCBJnlIw"
        }
      ],
      "services": {
        "appinvite_service": {
          "other_platform_oauth_client": [
            {
              "client_id": "525623101083-7a120si5hnjo694gd624rgnd1jopm2a9.apps.googleusercontent.com",
              "client_type": 3
            }
          ]
        }
      }
    },
    {
      "client_info": {
        "mobilesdk_app_id": "1:525623101083:android:f05eef816db10b2fc3283e",
        "android_client_info": {
          "package_name": "com.irfan.raktatakinisystem"
        }
      },
      "oauth_client": [
        {
          "client_id": "525623101083-7a120si5hnjo694gd624rgnd1jopm2a9.apps.googleusercontent.com",
          "client_type": 3
        }
      ],
      "api_key": [
        {
          "current_key": "AIzaSyBR54FgB7A5jMD80_SHW1njkr1sCBJnlIw"
        }
      ],
      "services": {
        "appinvite_service": {
          "other_platform_oauth_client": [
            {
              "client_id": "525623101083-7a120si5hnjo694gd624rgnd1jopm2a9.apps.googleusercontent.com",
              "client_type": 3
            }
          ]
        }
      }
    }
  ],
  "configuration_version": "1"
}